IMAGE_NAME,CLASS_INDEX,WNID
training_00001.jpg,183,n09918554
training_00002.jpg,133,n04118021
training_00003.jpg,108,n03649674
training_00004.jpg,95,n03408444
training_00005.jpg,161,n04555400
training_00006.jpg,179,n09785659
training_00007.jpg,191,n11669786
training_00008.jpg,31,n02780704
training_00009.jpg,159,n04477387
training_00010.jpg,21,n02123242
training_00011.jpg,99,n03513137
training_00012.jpg,64,n03089879
training_00013.jpg,176,n09475925
training_00014.jpg,130,n04086446
training_00015.jpg,169,n07805594
training_00016.jpg,22,n02123917
training_00017.jpg,183,n09918554
training_00018.jpg,49,n02978753
training_00019.jpg,158,n04467307
training_00020.jpg,183,n09918554
training_00021.jpg,79,n03281145
training_00022.jpg,135,n04143897
training_00023.jpg,55,n03057920
training_00024.jpg,92,n03378005
training_00025.jpg,126,n04009801
training_00026.jpg,22,n02123917
training_00027.jpg,88,n03343737
training_00028.jpg,176,n09475925
training_00029.jpg,124,n03918737
training_00030.jpg,147,n04275175
training_00031.jpg,83,n03307037
training_00032.jpg,40,n02886321
training_00033.jpg,109,n03717447
training_00034.jpg,113,n03797896
training_00035.jpg,106,n03636649
training_00036.jpg,158,n04467307
training_00037.jpg,199,n14976759
training_00038.jpg,115,n03842012
training_00039.jpg,22,n02123917
training_00040.jpg,7,n02089232
training_00041.jpg,80,n03294833
training_00042.jpg,133,n04118021
training_00043.jpg,55,n03057920
training_00044.jpg,18,n02113335
training_00045.jpg,187,n10421016
training_00046.jpg,100,n03531281
training_00047.jpg,160,n04490091
training_00048.jpg,186,n10282672
training_00049.jpg,125,n03963198
training_00050.jpg,92,n03378005
training_00051.jpg,163,n04560113
training_00052.jpg,52,n03005285
training_00053.jpg,165,n04589325
training_00054.jpg,164,n04560292
training_00055.jpg,195,n14696793
training_00056.jpg,104,n03626760
training_00057.jpg,95,n03408444
training_00058.jpg,163,n04560113
training_00059.jpg,101,n03544360
training_00060.jpg,67,n03150232
training_00061.jpg,10,n02104882
training_00062.jpg,167,n04603729
training_00063.jpg,167,n04603729
training_00064.jpg,133,n04118021
training_00065.jpg,58,n03063073
training_00066.jpg,192,n11675025
training_00067.jpg,4,n01674464
training_00068.jpg,11,n02106966
training_00069.jpg,81,n03300216
training_00070.jpg,130,n04086446
training_00071.jpg,105,n03629231
training_00072.jpg,126,n04009801
training_00073.jpg,170,n08505018
training_00074.jpg,146,n04256520
training_00075.jpg,105,n03629231
training_00076.jpg,74,n03222516
training_00077.jpg,174,n09438940
training_00078.jpg,107,n03643737
training_00079.jpg,6,n02088839
training_00080.jpg,188,n10514429
training_00081.jpg,186,n10282672
training_00082.jpg,110,n03719343
training_00083.jpg,90,n03359436
training_00084.jpg,96,n03438661
training_00085.jpg,131,n04096066
training_00086.jpg,134,n04136161
training_00087.jpg,142,n04215402
training_00088.jpg,186,n10282672
training_00089.jpg,128,n04052757
training_00090.jpg,95,n03408444
training_00091.jpg,56,n03058107
training_00092.jpg,58,n03063073
training_00093.jpg,109,n03717447
training_00094.jpg,12,n02108254
training_00095.jpg,150,n04289027
training_00096.jpg,96,n03438661
training_00097.jpg,5,n01900150
training_00098.jpg,84,n03307792
training_00099.jpg,37,n02871439
training_00100.jpg,48,n02977438
training_00101.jpg,87,n03337383
training_00102.jpg,61,n03066849
training_00103.jpg,43,n02924116
training_00104.jpg,167,n04603729
training_00105.jpg,162,n04559451
training_00106.jpg,23,n02124313
training_00107.jpg,84,n03307792
training_00108.jpg,18,n02113335
training_00109.jpg,161,n04555400
training_00110.jpg,183,n09918554
training_00111.jpg,91,n03361380
training_00112.jpg,67,n03150232
training_00113.jpg,165,n04589325
training_00114.jpg,21,n02123242
training_00115.jpg,91,n03361380
training_00116.jpg,125,n03963198
training_00117.jpg,118,n03871724
training_00118.jpg,161,n04555400
training_00119.jpg,68,n03179910
training_00120.jpg,166,n04595028
training_00121.jpg,98,n03497657
training_00122.jpg,119,n03886762
training_00123.jpg,141,n04210120
training_00124.jpg,28,n02686379
training_00125.jpg,57,n03059685
training_00126.jpg,38,n02879087
training_00127.jpg,3,n01503061
training_00128.jpg,37,n02871439
training_00129.jpg,200,n15019030
training_00130.jpg,192,n11675025
training_00131.jpg,155,n04370048
training_00132.jpg,181,n09805324
training_00133.jpg,144,n04230808
training_00134.jpg,193,n12024690
training_00135.jpg,138,n04168199
training_00136.jpg,178,n09632518
training_00137.jpg,80,n03294833
training_00138.jpg,16,n02112497
training_00139.jpg,157,n04402449
training_00140.jpg,46,n02958343
training_00141.jpg,102,n03610524
training_00142.jpg,184,n09951616
training_00143.jpg,108,n03649674
training_00144.jpg,43,n02924116
training_00145.jpg,178,n09632518
training_00146.jpg,99,n03513137
training_00147.jpg,158,n04467307
training_00148.jpg,54,n03050655
training_00149.jpg,9,n02090827
training_00150.jpg,25,n02159955
training_00151.jpg,153,n04334599
training_00152.jpg,27,n02355227
training_00153.jpg,183,n09918554
training_00154.jpg,159,n04477387
training_00155.jpg,121,n03906997
training_00156.jpg,136,n04148054
training_00157.jpg,44,n02933649
training_00158.jpg,6,n02088839
training_00159.jpg,141,n04210120
training_00160.jpg,175,n09475044
training_00161.jpg,104,n03626760
training_00162.jpg,13,n02108672
training_00163.jpg,60,n03063968
training_00164.jpg,166,n04595028
training_00165.jpg,27,n02355227
training_00166.jpg,82,n03302671
training_00167.jpg,27,n02355227
training_00168.jpg,198,n14858292
training_00169.jpg,97,n03490119
training_00170.jpg,120,n03904183
training_00171.jpg,174,n09438940
training_00172.jpg,20,n02122948
training_00173.jpg,134,n04136161
training_00174.jpg,179,n09785659
training_00175.jpg,169,n07805594
training_00176.jpg,75,n03231368
training_00177.jpg,155,n04370048
training_00178.jpg,66,n03147509
training_00179.jpg,138,n04168199
training_00180.jpg,71,n03201776
training_00181.jpg,182,n09858165
training_00182.jpg,15,n02111626
training_00183.jpg,132,n04114844
training_00184.jpg,97,n03490119
training_00185.jpg,88,n03343737
training_00186.jpg,104,n03626760
training_00187.jpg,114,n03841666
training_00188.jpg,164,n04560292
training_00189.jpg,77,n03241335
training_00190.jpg,153,n04334599
training_00191.jpg,73,n03209910
training_00192.jpg,123,n03915118
training_00193.jpg,74,n03222516
training_00194.jpg,94,n03404149
training_00195.jpg,52,n03005285
training_00196.jpg,43,n02924116
training_00197.jpg,130,n04086446
training_00198.jpg,135,n04143897
training_00199.jpg,24,n02124484
training_00200.jpg,193,n12024690
training_00201.jpg,60,n03063968
training_00202.jpg,113,n03797896
training_00203.jpg,136,n04148054
training_00204.jpg,98,n03497657
training_00205.jpg,121,n03906997
training_00206.jpg,164,n04560292
training_00207.jpg,7,n02089232
training_00208.jpg,77,n03241335
training_00209.jpg,132,n04114844
training_00210.jpg,52,n03005285
training_00211.jpg,161,n04555400
training_00212.jpg,103,n03620967
training_00213.jpg,141,n04210120
training_00214.jpg,127,n04018667
training_00215.jpg,79,n03281145
training_00216.jpg,35,n02834778
training_00217.jpg,16,n02112497
training_00218.jpg,122,n03908204
training_00219.jpg,36,n02870526
training_00220.jpg,168,n06596474
training_00221.jpg,177,n09618957
training_00222.jpg,160,n04490091
training_00223.jpg,56,n03058107
training_00224.jpg,175,n09475044
training_00225.jpg,196,n14698884
training_00226.jpg,169,n07805594
training_00227.jpg,92,n03378005
training_00228.jpg,49,n02978753
training_00229.jpg,187,n10421016
training_00230.jpg,5,n01900150
training_00231.jpg,109,n03717447
training_00232.jpg,90,n03359436
training_00233.jpg,37,n02871439
training_00234.jpg,107,n03643737
training_00235.jpg,71,n03201776
training_00236.jpg,173,n09436708
training_00237.jpg,127,n04018667
training_00238.jpg,66,n03147509
training_00239.jpg,143,n04225987
training_00240.jpg,166,n04595028
training_00241.jpg,140,n04208936
training_00242.jpg,195,n14696793
training_00243.jpg,122,n03908204
training_00244.jpg,9,n02090827
training_00245.jpg,133,n04118021
training_00246.jpg,112,n03790512
training_00247.jpg,64,n03089879
training_00248.jpg,147,n04275175
training_00249.jpg,48,n02977438
training_00250.jpg,36,n02870526
training_00251.jpg,68,n03179910
training_00252.jpg,138,n04168199
training_00253.jpg,90,n03359436
training_00254.jpg,43,n02924116
training_00255.jpg,53,n03050546
training_00256.jpg,112,n03790512
training_00257.jpg,7,n02089232
training_00258.jpg,94,n03404149
training_00259.jpg,82,n03302671
training_00260.jpg,125,n03963198
training_00261.jpg,154,n04355511
training_00262.jpg,151,n04326896
training_00263.jpg,129,n04061681
training_00264.jpg,46,n02958343
training_00265.jpg,81,n03300216
training_00266.jpg,114,n03841666
training_00267.jpg,30,n02739550
training_00268.jpg,5,n01900150
training_00269.jpg,25,n02159955
training_00270.jpg,85,n03316105
training_00271.jpg,27,n02355227
training_00272.jpg,82,n03302671
training_00273.jpg,86,n03326948
training_00274.jpg,158,n04467307
training_00275.jpg,112,n03790512
training_00276.jpg,71,n03201776
training_00277.jpg,124,n03918737
training_00278.jpg,185,n10034614
training_00279.jpg,84,n03307792
training_00280.jpg,112,n03790512
training_00281.jpg,113,n03797896
training_00282.jpg,63,n03085219
training_00283.jpg,199,n14976759
training_00284.jpg,183,n09918554
training_00285.jpg,128,n04052757
training_00286.jpg,31,n02780704
training_00287.jpg,185,n10034614
training_00288.jpg,162,n04559451
training_00289.jpg,34,n02818832
training_00290.jpg,34,n02818832
training_00291.jpg,95,n03408444
training_00292.jpg,53,n03050546
training_00293.jpg,125,n03963198
training_00294.jpg,94,n03404149
training_00295.jpg,118,n03871724
training_00296.jpg,196,n14698884
training_00297.jpg,144,n04230808
training_00298.jpg,107,n03643737
training_00299.jpg,72,n03207835
training_00300.jpg,138,n04168199
training_00301.jpg,26,n02330245
training_00302.jpg,15,n02111626
training_00303.jpg,123,n03915118
training_00304.jpg,40,n02886321
training_00305.jpg,61,n03066849
training_00306.jpg,50,n02992795
training_00307.jpg,162,n04559451
training_00308.jpg,187,n10421016
training_00309.jpg,85,n03316105
training_00310.jpg,78,n03273913
training_00311.jpg,30,n02739550
training_00312.jpg,131,n04096066
training_00313.jpg,5,n01900150
training_00314.jpg,150,n04289027
training_00315.jpg,112,n03790512
training_00316.jpg,188,n10514429
training_00317.jpg,157,n04402449
training_00318.jpg,96,n03438661
training_00319.jpg,62,n03079230
training_00320.jpg,91,n03361380
training_00321.jpg,83,n03307037
training_00322.jpg,72,n03207835
training_00323.jpg,1,n00007846
training_00324.jpg,144,n04230808
training_00325.jpg,20,n02122948
training_00326.jpg,155,n04370048
training_00327.jpg,132,n04114844
training_00328.jpg,153,n04334599
training_00329.jpg,200,n15019030
training_00330.jpg,22,n02123917
training_00331.jpg,92,n03378005
training_00332.jpg,149,n04284438
training_00333.jpg,133,n04118021
training_00334.jpg,145,n04254009
training_00335.jpg,79,n03281145
training_00336.jpg,188,n10514429
training_00337.jpg,110,n03719343
training_00338.jpg,10,n02104882
training_00339.jpg,83,n03307037
training_00340.jpg,2,n01322604
training_00341.jpg,10,n02104882
training_00342.jpg,189,n10674713
training_00343.jpg,66,n03147509
training_00344.jpg,115,n03842012
training_00345.jpg,124,n03918737
training_00346.jpg,36,n02870526
training_00347.jpg,3,n01503061
training_00348.jpg,135,n04143897
training_00349.jpg,75,n03231368
training_00350.jpg,43,n02924116
training_00351.jpg,190,n11508382
training_00352.jpg,157,n04402449
training_00353.jpg,142,n04215402
training_00354.jpg,117,n03862676
training_00355.jpg,57,n03059685
training_00356.jpg,4,n01674464
training_00357.jpg,104,n03626760
training_00358.jpg,70,n03201035
training_00359.jpg,61,n03066849
training_00360.jpg,198,n14858292
training_00361.jpg,48,n02977438
training_00362.jpg,190,n11508382
training_00363.jpg,31,n02780704
training_00364.jpg,82,n03302671
training_00365.jpg,52,n03005285
training_00366.jpg,184,n09951616
training_00367.jpg,172,n09251407
training_00368.jpg,41,n02900705
training_00369.jpg,122,n03908204
training_00370.jpg,40,n02886321
training_00371.jpg,92,n03378005
training_00372.jpg,15,n02111626
training_00373.jpg,40,n02886321
training_00374.jpg,5,n01900150
training_00375.jpg,183,n09918554
training_00376.jpg,51,n03002096
training_00377.jpg,110,n03719343
training_00378.jpg,104,n03626760
training_00379.jpg,196,n14698884
training_00380.jpg,89,n03345837
training_00381.jpg,85,n03316105
training_00382.jpg,51,n03002096
training_00383.jpg,67,n03150232
training_00384.jpg,118,n03871724
training_00385.jpg,17,n02112826
training_00386.jpg,115,n03842012
training_00387.jpg,28,n02686379
training_00388.jpg,167,n04603729
training_00389.jpg,133,n04118021
training_00390.jpg,144,n04230808
training_00391.jpg,31,n02780704
training_00392.jpg,64,n03089879
training_00393.jpg,2,n01322604
training_00394.jpg,116,n03842156
training_00395.jpg,111,n03773035
training_00396.jpg,113,n03797896
training_00397.jpg,27,n02355227
training_00398.jpg,4,n01674464
training_00399.jpg,60,n03063968
training_00400.jpg,78,n03273913
training_00401.jpg,60,n03063968
training_00402.jpg,99,n03513137
training_00403.jpg,27,n02355227
training_00404.jpg,88,n03343737
training_00405.jpg,47,n02963302
training_00406.jpg,198,n14858292
training_00407.jpg,16,n02112497
training_00408.jpg,100,n03531281
training_00409.jpg,183,n09918554
training_00410.jpg,47,n02963302
training_00411.jpg,76,n03237340
training_00412.jpg,58,n03063073
training_00413.jpg,95,n03408444
training_00414.jpg,13,n02108672
training_00415.jpg,159,n04477387
training_00416.jpg,71,n03201776
training_00417.jpg,174,n09438940
training_00418.jpg,88,n03343737
training_00419.jpg,138,n04168199
training_00420.jpg,101,n03544360
training_00421.jpg,4,n01674464
training_00422.jpg,128,n04052757
training_00423.jpg,90,n03359436
training_00424.jpg,142,n04215402
training_00425.jpg,4,n01674464
training_00426.jpg,110,n03719343
training_00427.jpg,6,n02088839
training_00428.jpg,87,n03337383
training_00429.jpg,144,n04230808
training_00430.jpg,42,n02912557
training_00431.jpg,151,n04326896
training_00432.jpg,15,n02111626
training_00433.jpg,32,n02807616
training_00434.jpg,191,n11669786
training_00435.jpg,76,n03237340
training_00436.jpg,56,n03058107
training_00437.jpg,137,n04166281
training_00438.jpg,21,n02123242
training_00439.jpg,33,n02814774
training_00440.jpg,5,n01900150
training_00441.jpg,149,n04284438
training_00442.jpg,64,n03089879
training_00443.jpg,57,n03059685
training_00444.jpg,11,n02106966
training_00445.jpg,103,n03620967
training_00446.jpg,65,n03119396
training_00447.jpg,108,n03649674
training_00448.jpg,150,n04289027
training_00449.jpg,121,n03906997
training_00450.jpg,84,n03307792
training_00451.jpg,184,n09951616
training_00452.jpg,178,n09632518
training_00453.jpg,33,n02814774
training_00454.jpg,67,n03150232
training_00455.jpg,149,n04284438
training_00456.jpg,63,n03085219
training_00457.jpg,6,n02088839
training_00458.jpg,142,n04215402
training_00459.jpg,89,n03345837
training_00460.jpg,170,n08505018
training_00461.jpg,38,n02879087
training_00462.jpg,64,n03089879
training_00463.jpg,26,n02330245
training_00464.jpg,82,n03302671
training_00465.jpg,132,n04114844
training_00466.jpg,34,n02818832
training_00467.jpg,41,n02900705
training_00468.jpg,177,n09618957
training_00469.jpg,191,n11669786
training_00470.jpg,110,n03719343
training_00471.jpg,100,n03531281
training_00472.jpg,75,n03231368
training_00473.jpg,3,n01503061
training_00474.jpg,127,n04018667
training_00475.jpg,51,n03002096
training_00476.jpg,132,n04114844
training_00477.jpg,166,n04595028
training_00478.jpg,172,n09251407
training_00479.jpg,145,n04254009
training_00480.jpg,141,n04210120
training_00481.jpg,139,n04185529
training_00482.jpg,50,n02992795
training_00483.jpg,169,n07805594
training_00484.jpg,42,n02912557
training_00485.jpg,138,n04168199
training_00486.jpg,112,n03790512
training_00487.jpg,136,n04148054
training_00488.jpg,182,n09858165
training_00489.jpg,7,n02089232
training_00490.jpg,166,n04595028
training_00491.jpg,117,n03862676
training_00492.jpg,142,n04215402
training_00493.jpg,6,n02088839
training_00494.jpg,44,n02933649
training_00495.jpg,180,n09793141
training_00496.jpg,44,n02933649
training_00497.jpg,112,n03790512
training_00498.jpg,61,n03066849
training_00499.jpg,174,n09438940
training_00500.jpg,151,n04326896
training_00501.jpg,141,n04210120
training_00502.jpg,48,n02977438
training_00503.jpg,186,n10282672
training_00504.jpg,72,n03207835
training_00505.jpg,26,n02330245
training_00506.jpg,95,n03408444
training_00507.jpg,5,n01900150
training_00508.jpg,162,n04559451
training_00509.jpg,41,n02900705
training_00510.jpg,88,n03343737
training_00511.jpg,98,n03497657
training_00512.jpg,183,n09918554
training_00513.jpg,15,n02111626
training_00514.jpg,87,n03337383
training_00515.jpg,129,n04061681
training_00516.jpg,189,n10674713
training_00517.jpg,115,n03842012
training_00518.jpg,195,n14696793
training_00519.jpg,198,n14858292
training_00520.jpg,147,n04275175
training_00521.jpg,79,n03281145
training_00522.jpg,28,n02686379
training_00523.jpg,103,n03620967
training_00524.jpg,134,n04136161
training_00525.jpg,180,n09793141
training_00526.jpg,74,n03222516
training_00527.jpg,99,n03513137
training_00528.jpg,171,n09247410
training_00529.jpg,37,n02871439
training_00530.jpg,175,n09475044
training_00531.jpg,66,n03147509
training_00532.jpg,95,n03408444
training_00533.jpg,41,n02900705
training_00534.jpg,152,n04330340
training_00535.jpg,56,n03058107
training_00536.jpg,95,n03408444
training_00537.jpg,156,n04380346
training_00538.jpg,99,n03513137
training_00539.jpg,121,n03906997
training_00540.jpg,14,n02109811
training_00541.jpg,177,n09618957
training_00542.jpg,143,n04225987
training_00543.jpg,106,n03636649
training_00544.jpg,175,n09475044
training_00545.jpg,189,n10674713
training_00546.jpg,119,n03886762
training_00547.jpg,140,n04208936
training_00548.jpg,183,n09918554
training_00549.jpg,49,n02978753
training_00550.jpg,145,n04254009
training_00551.jpg,179,n09785659
training_00552.jpg,90,n03359436
training_00553.jpg,98,n03497657
training_00554.jpg,170,n08505018
training_00555.jpg,16,n02112497
training_00556.jpg,59,n03063338
training_00557.jpg,183,n09918554
training_00558.jpg,182,n09858165
training_00559.jpg,1,n00007846
training_00560.jpg,136,n04148054
training_00561.jpg,35,n02834778
training_00562.jpg,97,n03490119
training_00563.jpg,87,n03337383
training_00564.jpg,50,n02992795
training_00565.jpg,145,n04254009
training_00566.jpg,39,n02880940
training_00567.jpg,149,n04284438
training_00568.jpg,144,n04230808
training_00569.jpg,17,n02112826
training_00570.jpg,166,n04595028
training_00571.jpg,16,n02112497
training_00572.jpg,134,n04136161
training_00573.jpg,113,n03797896
training_00574.jpg,121,n03906997
training_00575.jpg,148,n04284002
training_00576.jpg,69,n03193597
training_00577.jpg,76,n03237340
training_00578.jpg,107,n03643737
training_00579.jpg,137,n04166281
training_00580.jpg,170,n08505018
training_00581.jpg,100,n03531281
training_00582.jpg,183,n09918554
training_00583.jpg,139,n04185529
training_00584.jpg,111,n03773035
training_00585.jpg,10,n02104882
training_00586.jpg,112,n03790512
training_00587.jpg,78,n03273913
training_00588.jpg,136,n04148054
training_00589.jpg,89,n03345837
training_00590.jpg,44,n02933649
training_00591.jpg,98,n03497657
training_00592.jpg,33,n02814774
training_00593.jpg,120,n03904183
training_00594.jpg,108,n03649674
training_00595.jpg,96,n03438661
training_00596.jpg,133,n04118021
training_00597.jpg,75,n03231368
training_00598.jpg,2,n01322604
training_00599.jpg,54,n03050655
training_00600.jpg,149,n04284438
training_00601.jpg,13,n02108672
training_00602.jpg,171,n09247410
training_00603.jpg,20,n02122948
training_00604.jpg,88,n03343737
training_00605.jpg,198,n14858292
training_00606.jpg,108,n03649674
training_00607.jpg,32,n02807616
training_00608.jpg,18,n02113335
training_00609.jpg,131,n04096066
training_00610.jpg,64,n03089879
training_00611.jpg,126,n04009801
training_00612.jpg,11,n02106966
training_00613.jpg,173,n09436708
training_00614.jpg,163,n04560113
training_00615.jpg,168,n06596474
training_00616.jpg,199,n14976759
training_00617.jpg,130,n04086446
training_00618.jpg,107,n03643737
training_00619.jpg,34,n02818832
training_00620.jpg,24,n02124484
training_00621.jpg,2,n01322604
training_00622.jpg,148,n04284002
training_00623.jpg,10,n02104882
training_00624.jpg,104,n03626760
training_00625.jpg,136,n04148054
training_00626.jpg,99,n03513137
training_00627.jpg,156,n04380346
training_00628.jpg,105,n03629231
training_00629.jpg,70,n03201035
training_00630.jpg,196,n14698884
training_00631.jpg,54,n03050655
training_00632.jpg,84,n03307792
training_00633.jpg,74,n03222516
training_00634.jpg,6,n02088839
training_00635.jpg,68,n03179910
training_00636.jpg,116,n03842156
training_00637.jpg,17,n02112826
training_00638.jpg,141,n04210120
training_00639.jpg,40,n02886321
training_00640.jpg,84,n03307792
training_00641.jpg,57,n03059685
training_00642.jpg,188,n10514429
training_00643.jpg,5,n01900150
training_00644.jpg,39,n02880940
training_00645.jpg,17,n02112826
training_00646.jpg,66,n03147509
training_00647.jpg,114,n03841666
training_00648.jpg,62,n03079230
training_00649.jpg,149,n04284438
training_00650.jpg,196,n14698884
training_00651.jpg,21,n02123242
training_00652.jpg,116,n03842156
training_00653.jpg,161,n04555400
training_00654.jpg,133,n04118021
training_00655.jpg,52,n03005285
training_00656.jpg,160,n04490091
training_00657.jpg,116,n03842156
training_00658.jpg,27,n02355227
training_00659.jpg,123,n03915118
training_00660.jpg,25,n02159955
training_00661.jpg,114,n03841666
training_00662.jpg,35,n02834778
training_00663.jpg,192,n11675025
training_00664.jpg,5,n01900150
training_00665.jpg,50,n02992795
training_00666.jpg,19,n02122430
training_00667.jpg,20,n02122948
training_00668.jpg,8,n02090475
training_00669.jpg,124,n03918737
training_00670.jpg,166,n04595028
training_00671.jpg,158,n04467307
training_00672.jpg,200,n15019030
training_00673.jpg,144,n04230808
training_00674.jpg,15,n02111626
training_00675.jpg,58,n03063073
training_00676.jpg,192,n11675025
training_00677.jpg,91,n03361380
training_00678.jpg,127,n04018667
training_00679.jpg,166,n04595028
training_00680.jpg,79,n03281145
training_00681.jpg,12,n02108254
training_00682.jpg,131,n04096066
training_00683.jpg,62,n03079230
training_00684.jpg,62,n03079230
training_00685.jpg,30,n02739550
training_00686.jpg,96,n03438661
training_00687.jpg,45,n02946348
training_00688.jpg,153,n04334599
training_00689.jpg,118,n03871724
training_00690.jpg,122,n03908204
training_00691.jpg,141,n04210120
training_00692.jpg,122,n03908204
training_00693.jpg,107,n03643737
training_00694.jpg,30,n02739550
training_00695.jpg,180,n09793141
training_00696.jpg,194,n12102133
training_00697.jpg,58,n03063073
training_00698.jpg,6,n02088839
training_00699.jpg,24,n02124484
training_00700.jpg,177,n09618957
training_00701.jpg,181,n09805324
training_00702.jpg,40,n02886321
training_00703.jpg,178,n09632518
training_00704.jpg,185,n10034614
training_00705.jpg,194,n12102133
training_00706.jpg,155,n04370048
training_00707.jpg,60,n03063968
training_00708.jpg,158,n04467307
training_00709.jpg,120,n03904183
training_00710.jpg,178,n09632518
training_00711.jpg,189,n10674713
training_00712.jpg,60,n03063968
training_00713.jpg,23,n02124313
training_00714.jpg,45,n02946348
training_00715.jpg,78,n03273913
training_00716.jpg,139,n04185529
training_00717.jpg,53,n03050546
training_00718.jpg,45,n02946348
training_00719.jpg,37,n02871439
training_00720.jpg,63,n03085219
training_00721.jpg,138,n04168199
training_00722.jpg,189,n10674713
training_00723.jpg,131,n04096066
training_00724.jpg,156,n04380346
training_00725.jpg,124,n03918737
training_00726.jpg,110,n03719343
training_00727.jpg,50,n02992795
training_00728.jpg,63,n03085219
training_00729.jpg,106,n03636649
training_00730.jpg,28,n02686379
training_00731.jpg,154,n04355511
training_00732.jpg,146,n04256520
training_00733.jpg,62,n03079230
training_00734.jpg,198,n14858292
training_00735.jpg,88,n03343737
training_00736.jpg,185,n10034614
training_00737.jpg,175,n09475044
training_00738.jpg,33,n02814774
training_00739.jpg,16,n02112497
training_00740.jpg,131,n04096066
training_00741.jpg,54,n03050655
training_00742.jpg,80,n03294833
training_00743.jpg,13,n02108672
training_00744.jpg,195,n14696793
training_00745.jpg,103,n03620967
training_00746.jpg,164,n04560292
training_00747.jpg,192,n11675025
training_00748.jpg,145,n04254009
training_00749.jpg,68,n03179910
training_00750.jpg,6,n02088839
training_00751.jpg,182,n09858165
training_00752.jpg,27,n02355227
training_00753.jpg,178,n09632518
training_00754.jpg,10,n02104882
training_00755.jpg,143,n04225987
training_00756.jpg,53,n03050546
training_00757.jpg,127,n04018667
training_00758.jpg,58,n03063073
training_00759.jpg,162,n04559451
training_00760.jpg,128,n04052757
training_00761.jpg,162,n04559451
training_00762.jpg,148,n04284002
training_00763.jpg,15,n02111626
training_00764.jpg,80,n03294833
training_00765.jpg,44,n02933649
training_00766.jpg,54,n03050655
training_00767.jpg,18,n02113335
training_00768.jpg,35,n02834778
training_00769.jpg,169,n07805594
training_00770.jpg,127,n04018667
training_00771.jpg,183,n09918554
training_00772.jpg,180,n09793141
training_00773.jpg,172,n09251407
training_00774.jpg,112,n03790512
training_00775.jpg,140,n04208936
training_00776.jpg,200,n15019030
training_00777.jpg,159,n04477387
training_00778.jpg,192,n11675025
training_00779.jpg,186,n10282672
training_00780.jpg,135,n04143897
training_00781.jpg,104,n03626760
training_00782.jpg,131,n04096066
training_00783.jpg,163,n04560113
training_00784.jpg,154,n04355511
training_00785.jpg,87,n03337383
training_00786.jpg,179,n09785659
training_00787.jpg,32,n02807616
training_00788.jpg,106,n03636649
training_00789.jpg,166,n04595028
training_00790.jpg,121,n03906997
training_00791.jpg,141,n04210120
training_00792.jpg,114,n03841666
training_00793.jpg,166,n04595028
training_00794.jpg,138,n04168199
training_00795.jpg,108,n03649674
training_00796.jpg,108,n03649674
training_00797.jpg,79,n03281145
training_00798.jpg,193,n12024690
training_00799.jpg,69,n03193597
training_00800.jpg,21,n02123242
training_00801.jpg,152,n04330340
training_00802.jpg,96,n03438661
training_00803.jpg,32,n02807616
training_00804.jpg,128,n04052757
training_00805.jpg,129,n04061681
training_00806.jpg,105,n03629231
training_00807.jpg,152,n04330340
training_00808.jpg,60,n03063968
training_00809.jpg,60,n03063968
training_00810.jpg,39,n02880940
training_00811.jpg,42,n02912557
training_00812.jpg,9,n02090827
training_00813.jpg,28,n02686379
training_00814.jpg,37,n02871439
training_00815.jpg,125,n03963198
training_00816.jpg,183,n09918554
training_00817.jpg,79,n03281145
training_00818.jpg,23,n02124313
training_00819.jpg,136,n04148054
training_00820.jpg,77,n03241335
training_00821.jpg,33,n02814774
training_00822.jpg,13,n02108672
training_00823.jpg,84,n03307792
training_00824.jpg,87,n03337383
training_00825.jpg,198,n14858292
training_00826.jpg,44,n02933649
training_00827.jpg,156,n04380346
training_00828.jpg,155,n04370048
training_00829.jpg,182,n09858165
training_00830.jpg,24,n02124484
training_00831.jpg,181,n09805324
training_00832.jpg,180,n09793141
training_00833.jpg,107,n03643737
training_00834.jpg,159,n04477387
training_00835.jpg,194,n12102133
training_00836.jpg,112,n03790512
training_00837.jpg,171,n09247410
training_00838.jpg,12,n02108254
training_00839.jpg,26,n02330245
training_00840.jpg,125,n03963198
training_00841.jpg,76,n03237340
training_00842.jpg,51,n03002096
training_00843.jpg,112,n03790512
training_00844.jpg,4,n01674464
training_00845.jpg,106,n03636649
training_00846.jpg,6,n02088839
training_00847.jpg,42,n02912557
training_00848.jpg,21,n02123242
training_00849.jpg,147,n04275175
training_00850.jpg,36,n02870526
training_00851.jpg,176,n09475925
training_00852.jpg,74,n03222516
training_00853.jpg,12,n02108254
training_00854.jpg,151,n04326896
training_00855.jpg,73,n03209910
training_00856.jpg,77,n03241335
training_00857.jpg,73,n03209910
training_00858.jpg,93,n03378174
training_00859.jpg,88,n03343737
training_00860.jpg,36,n02870526
training_00861.jpg,37,n02871439
training_00862.jpg,59,n03063338
training_00863.jpg,14,n02109811
training_00864.jpg,13,n02108672
training_00865.jpg,104,n03626760
training_00866.jpg,102,n03610524
training_00867.jpg,178,n09632518
training_00868.jpg,110,n03719343
training_00869.jpg,143,n04225987
training_00870.jpg,107,n03643737
training_00871.jpg,127,n04018667
training_00872.jpg,12,n02108254
training_00873.jpg,134,n04136161
training_00874.jpg,28,n02686379
training_00875.jpg,90,n03359436
training_00876.jpg,23,n02124313
training_00877.jpg,137,n04166281
training_00878.jpg,140,n04208936
training_00879.jpg,92,n03378005
training_00880.jpg,76,n03237340
training_00881.jpg,160,n04490091
training_00882.jpg,182,n09858165
training_00883.jpg,61,n03066849
training_00884.jpg,142,n04215402
training_00885.jpg,110,n03719343
training_00886.jpg,159,n04477387
training_00887.jpg,151,n04326896
training_00888.jpg,107,n03643737
training_00889.jpg,165,n04589325
training_00890.jpg,192,n11675025
training_00891.jpg,87,n03337383
training_00892.jpg,94,n03404149
training_00893.jpg,23,n02124313
training_00894.jpg,171,n09247410
training_00895.jpg,95,n03408444
training_00896.jpg,136,n04148054
training_00897.jpg,138,n04168199
training_00898.jpg,192,n11675025
training_00899.jpg,192,n11675025
training_00900.jpg,49,n02978753
training_00901.jpg,22,n02123917
training_00902.jpg,47,n02963302
training_00903.jpg,49,n02978753
training_00904.jpg,3,n01503061
training_00905.jpg,116,n03842156
training_00906.jpg,66,n03147509
training_00907.jpg,46,n02958343
training_00908.jpg,9,n02090827
training_00909.jpg,25,n02159955
training_00910.jpg,71,n03201776
training_00911.jpg,25,n02159955
training_00912.jpg,28,n02686379
training_00913.jpg,33,n02814774
training_00914.jpg,71,n03201776
training_00915.jpg,103,n03620967
training_00916.jpg,104,n03626760
training_00917.jpg,19,n02122430
training_00918.jpg,197,n14844693
training_00919.jpg,90,n03359436
training_00920.jpg,45,n02946348
training_00921.jpg,104,n03626760
training_00922.jpg,52,n03005285
training_00923.jpg,102,n03610524
training_00924.jpg,6,n02088839
training_00925.jpg,152,n04330340
training_00926.jpg,29,n02738535
training_00927.jpg,52,n03005285
training_00928.jpg,199,n14976759
training_00929.jpg,156,n04380346
training_00930.jpg,49,n02978753
training_00931.jpg,83,n03307037
training_00932.jpg,162,n04559451
training_00933.jpg,77,n03241335
training_00934.jpg,93,n03378174
training_00935.jpg,151,n04326896
training_00936.jpg,24,n02124484
training_00937.jpg,177,n09618957
training_00938.jpg,188,n10514429
training_00939.jpg,179,n09785659
training_00940.jpg,42,n02912557
training_00941.jpg,91,n03361380
training_00942.jpg,73,n03209910
training_00943.jpg,164,n04560292
training_00944.jpg,9,n02090827
training_00945.jpg,120,n03904183
training_00946.jpg,169,n07805594
training_00947.jpg,56,n03058107
training_00948.jpg,192,n11675025
training_00949.jpg,51,n03002096
training_00950.jpg,185,n10034614
training_00951.jpg,108,n03649674
training_00952.jpg,164,n04560292
training_00953.jpg,74,n03222516
training_00954.jpg,14,n02109811
training_00955.jpg,61,n03066849
training_00956.jpg,34,n02818832
training_00957.jpg,139,n04185529
training_00958.jpg,55,n03057920
training_00959.jpg,82,n03302671
training_00960.jpg,129,n04061681
training_00961.jpg,77,n03241335
training_00962.jpg,158,n04467307
training_00963.jpg,139,n04185529
training_00964.jpg,192,n11675025
training_00965.jpg,163,n04560113
training_00966.jpg,78,n03273913
training_00967.jpg,195,n14696793
training_00968.jpg,179,n09785659
training_00969.jpg,148,n04284002
training_00970.jpg,148,n04284002
training_00971.jpg,186,n10282672
training_00972.jpg,56,n03058107
training_00973.jpg,94,n03404149
training_00974.jpg,200,n15019030
training_00975.jpg,166,n04595028
training_00976.jpg,80,n03294833
training_00977.jpg,69,n03193597
training_00978.jpg,97,n03490119
training_00979.jpg,166,n04595028
training_00980.jpg,188,n10514429
training_00981.jpg,154,n04355511
training_00982.jpg,89,n03345837
training_00983.jpg,127,n04018667
training_00984.jpg,144,n04230808
training_00985.jpg,128,n04052757
training_00986.jpg,83,n03307037
training_00987.jpg,69,n03193597
training_00988.jpg,109,n03717447
training_00989.jpg,71,n03201776
training_00990.jpg,193,n12024690
training_00991.jpg,153,n04334599
training_00992.jpg,59,n03063338
training_00993.jpg,91,n03361380
training_00994.jpg,48,n02977438
training_00995.jpg,53,n03050546
training_00996.jpg,61,n03066849
training_00997.jpg,141,n04210120
training_00998.jpg,24,n02124484
training_00999.jpg,139,n04185529
training_01000.jpg,141,n04210120
training_01001.jpg,179,n09785659
training_01002.jpg,13,n02108672
training_01003.jpg,187,n10421016
training_01004.jpg,158,n04467307
training_01005.jpg,21,n02123242
training_01006.jpg,168,n06596474
training_01007.jpg,130,n04086446
training_01008.jpg,156,n04380346
training_01009.jpg,42,n02912557
training_01010.jpg,156,n04380346
training_01011.jpg,122,n03908204
training_01012.jpg,89,n03345837
training_01013.jpg,29,n02738535
training_01014.jpg,100,n03531281
training_01015.jpg,80,n03294833
training_01016.jpg,101,n03544360
training_01017.jpg,187,n10421016
training_01018.jpg,53,n03050546
training_01019.jpg,25,n02159955
training_01020.jpg,141,n04210120
training_01021.jpg,128,n04052757
training_01022.jpg,161,n04555400
training_01023.jpg,35,n02834778
training_01024.jpg,9,n02090827
training_01025.jpg,104,n03626760
training_01026.jpg,107,n03643737
training_01027.jpg,194,n12102133
training_01028.jpg,57,n03059685
training_01029.jpg,44,n02933649
training_01030.jpg,152,n04330340
training_01031.jpg,78,n03273913
training_01032.jpg,37,n02871439
training_01033.jpg,116,n03842156
training_01034.jpg,137,n04166281
training_01035.jpg,137,n04166281
training_01036.jpg,104,n03626760
training_01037.jpg,192,n11675025
training_01038.jpg,68,n03179910
training_01039.jpg,189,n10674713
training_01040.jpg,45,n02946348
training_01041.jpg,49,n02978753
training_01042.jpg,128,n04052757
training_01043.jpg,196,n14698884
training_01044.jpg,49,n02978753
training_01045.jpg,117,n03862676
training_01046.jpg,142,n04215402
training_01047.jpg,114,n03841666
training_01048.jpg,90,n03359436
training_01049.jpg,159,n04477387
training_01050.jpg,133,n04118021
training_01051.jpg,173,n09436708
training_01052.jpg,123,n03915118
training_01053.jpg,108,n03649674
training_01054.jpg,48,n02977438
training_01055.jpg,49,n02978753
training_01056.jpg,114,n03841666
training_01057.jpg,34,n02818832
training_01058.jpg,158,n04467307
training_01059.jpg,20,n02122948
training_01060.jpg,146,n04256520
training_01061.jpg,180,n09793141
training_01062.jpg,118,n03871724
training_01063.jpg,66,n03147509
training_01064.jpg,127,n04018667
training_01065.jpg,85,n03316105
training_01066.jpg,79,n03281145
training_01067.jpg,106,n03636649
training_01068.jpg,75,n03231368
training_01069.jpg,24,n02124484
training_01070.jpg,100,n03531281
training_01071.jpg,155,n04370048
training_01072.jpg,124,n03918737
training_01073.jpg,92,n03378005
training_01074.jpg,125,n03963198
training_01075.jpg,70,n03201035
training_01076.jpg,190,n11508382
training_01077.jpg,75,n03231368
training_01078.jpg,155,n04370048
training_01079.jpg,54,n03050655
training_01080.jpg,78,n03273913
training_01081.jpg,97,n03490119
training_01082.jpg,130,n04086446
training_01083.jpg,95,n03408444
training_01084.jpg,194,n12102133
training_01085.jpg,36,n02870526
training_01086.jpg,138,n04168199
training_01087.jpg,177,n09618957
training_01088.jpg,137,n04166281
training_01089.jpg,152,n04330340
training_01090.jpg,24,n02124484
training_01091.jpg,161,n04555400
training_01092.jpg,92,n03378005
training_01093.jpg,61,n03066849
training_01094.jpg,85,n03316105
training_01095.jpg,50,n02992795
training_01096.jpg,151,n04326896
training_01097.jpg,76,n03237340
training_01098.jpg,27,n02355227
training_01099.jpg,9,n02090827
training_01100.jpg,29,n02738535
training_01101.jpg,190,n11508382
training_01102.jpg,11,n02106966
training_01103.jpg,161,n04555400
training_01104.jpg,102,n03610524
training_01105.jpg,71,n03201776
training_01106.jpg,67,n03150232
training_01107.jpg,174,n09438940
training_01108.jpg,45,n02946348
training_01109.jpg,37,n02871439
training_01110.jpg,23,n02124313
training_01111.jpg,200,n15019030
training_01112.jpg,172,n09251407
training_01113.jpg,32,n02807616
training_01114.jpg,152,n04330340
training_01115.jpg,127,n04018667
training_01116.jpg,44,n02933649
training_01117.jpg,154,n04355511
training_01118.jpg,64,n03089879
training_01119.jpg,127,n04018667
training_01120.jpg,96,n03438661
training_01121.jpg,172,n09251407
training_01122.jpg,139,n04185529
training_01123.jpg,5,n01900150
training_01124.jpg,108,n03649674
training_01125.jpg,73,n03209910
training_01126.jpg,151,n04326896
training_01127.jpg,10,n02104882
training_01128.jpg,187,n10421016
training_01129.jpg,177,n09618957
training_01130.jpg,140,n04208936
training_01131.jpg,184,n09951616
training_01132.jpg,60,n03063968
training_01133.jpg,86,n03326948
training_01134.jpg,75,n03231368
training_01135.jpg,97,n03490119
training_01136.jpg,38,n02879087
training_01137.jpg,200,n15019030
training_01138.jpg,38,n02879087
training_01139.jpg,51,n03002096
training_01140.jpg,191,n11669786
training_01141.jpg,46,n02958343
training_01142.jpg,128,n04052757
training_01143.jpg,17,n02112826
training_01144.jpg,95,n03408444
training_01145.jpg,138,n04168199
training_01146.jpg,121,n03906997
training_01147.jpg,132,n04114844
training_01148.jpg,41,n02900705
training_01149.jpg,193,n12024690
training_01150.jpg,107,n03643737
training_01151.jpg,35,n02834778
training_01152.jpg,136,n04148054
training_01153.jpg,25,n02159955
training_01154.jpg,117,n03862676
training_01155.jpg,6,n02088839
training_01156.jpg,133,n04118021
training_01157.jpg,15,n02111626
training_01158.jpg,20,n02122948
training_01159.jpg,121,n03906997
training_01160.jpg,110,n03719343
training_01161.jpg,158,n04467307
training_01162.jpg,189,n10674713
training_01163.jpg,66,n03147509
training_01164.jpg,139,n04185529
training_01165.jpg,198,n14858292
training_01166.jpg,145,n04254009
training_01167.jpg,197,n14844693
training_01168.jpg,132,n04114844
training_01169.jpg,133,n04118021
training_01170.jpg,37,n02871439
training_01171.jpg,119,n03886762
training_01172.jpg,83,n03307037
training_01173.jpg,59,n03063338
training_01174.jpg,185,n10034614
training_01175.jpg,107,n03643737
training_01176.jpg,7,n02089232
training_01177.jpg,58,n03063073
training_01178.jpg,35,n02834778
training_01179.jpg,45,n02946348
training_01180.jpg,115,n03842012
training_01181.jpg,34,n02818832
training_01182.jpg,196,n14698884
training_01183.jpg,74,n03222516
training_01184.jpg,94,n03404149
training_01185.jpg,9,n02090827
training_01186.jpg,167,n04603729
training_01187.jpg,62,n03079230
training_01188.jpg,64,n03089879
training_01189.jpg,61,n03066849
training_01190.jpg,47,n02963302
training_01191.jpg,37,n02871439
training_01192.jpg,103,n03620967
training_01193.jpg,3,n01503061
training_01194.jpg,118,n03871724
training_01195.jpg,111,n03773035
training_01196.jpg,39,n02880940
training_01197.jpg,139,n04185529
training_01198.jpg,77,n03241335
training_01199.jpg,60,n03063968
training_01200.jpg,172,n09251407
training_01201.jpg,123,n03915118
training_01202.jpg,137,n04166281
training_01203.jpg,94,n03404149
training_01204.jpg,101,n03544360
training_01205.jpg,98,n03497657
training_01206.jpg,127,n04018667
training_01207.jpg,121,n03906997
training_01208.jpg,151,n04326896
training_01209.jpg,148,n04284002
training_01210.jpg,59,n03063338
training_01211.jpg,76,n03237340
training_01212.jpg,150,n04289027
training_01213.jpg,195,n14696793
training_01214.jpg,56,n03058107
training_01215.jpg,67,n03150232
training_01216.jpg,171,n09247410
training_01217.jpg,137,n04166281
training_01218.jpg,103,n03620967
training_01219.jpg,17,n02112826
training_01220.jpg,170,n08505018
training_01221.jpg,14,n02109811
training_01222.jpg,138,n04168199
training_01223.jpg,112,n03790512
training_01224.jpg,193,n12024690
training_01225.jpg,112,n03790512
training_01226.jpg,122,n03908204
training_01227.jpg,145,n04254009
training_01228.jpg,183,n09918554
training_01229.jpg,35,n02834778
training_01230.jpg,58,n03063073
training_01231.jpg,120,n03904183
training_01232.jpg,40,n02886321
training_01233.jpg,151,n04326896
training_01234.jpg,97,n03490119
training_01235.jpg,60,n03063968
training_01236.jpg,123,n03915118
training_01237.jpg,170,n08505018
training_01238.jpg,196,n14698884
training_01239.jpg,167,n04603729
training_01240.jpg,95,n03408444
training_01241.jpg,64,n03089879
training_01242.jpg,52,n03005285
training_01243.jpg,164,n04560292
training_01244.jpg,198,n14858292
training_01245.jpg,35,n02834778
training_01246.jpg,95,n03408444
training_01247.jpg,85,n03316105
training_01248.jpg,36,n02870526
training_01249.jpg,144,n04230808
training_01250.jpg,180,n09793141
training_01251.jpg,65,n03119396
training_01252.jpg,160,n04490091
training_01253.jpg,168,n06596474
training_01254.jpg,95,n03408444
training_01255.jpg,51,n03002096
training_01256.jpg,197,n14844693
training_01257.jpg,188,n10514429
training_01258.jpg,63,n03085219
training_01259.jpg,58,n03063073
training_01260.jpg,20,n02122948
training_01261.jpg,27,n02355227
training_01262.jpg,128,n04052757
training_01263.jpg,120,n03904183
training_01264.jpg,23,n02124313
training_01265.jpg,198,n14858292
training_01266.jpg,69,n03193597
training_01267.jpg,13,n02108672
training_01268.jpg,185,n10034614
training_01269.jpg,165,n04589325
training_01270.jpg,120,n03904183
training_01271.jpg,169,n07805594
training_01272.jpg,182,n09858165
training_01273.jpg,146,n04256520
training_01274.jpg,3,n01503061
training_01275.jpg,165,n04589325
training_01276.jpg,14,n02109811
training_01277.jpg,148,n04284002
training_01278.jpg,194,n12102133
training_01279.jpg,90,n03359436
training_01280.jpg,7,n02089232
training_01281.jpg,75,n03231368
training_01282.jpg,120,n03904183
training_01283.jpg,68,n03179910
training_01284.jpg,181,n09805324
training_01285.jpg,110,n03719343
training_01286.jpg,180,n09793141
training_01287.jpg,102,n03610524
training_01288.jpg,73,n03209910
training_01289.jpg,98,n03497657
training_01290.jpg,81,n03300216
training_01291.jpg,15,n02111626
training_01292.jpg,35,n02834778
training_01293.jpg,15,n02111626
training_01294.jpg,180,n09793141
training_01295.jpg,11,n02106966
training_01296.jpg,29,n02738535
training_01297.jpg,130,n04086446
training_01298.jpg,189,n10674713
training_01299.jpg,133,n04118021
training_01300.jpg,155,n04370048
training_01301.jpg,19,n02122430
training_01302.jpg,4,n01674464
training_01303.jpg,113,n03797896
training_01304.jpg,72,n03207835
training_01305.jpg,80,n03294833
training_01306.jpg,55,n03057920
training_01307.jpg,115,n03842012
training_01308.jpg,94,n03404149
training_01309.jpg,69,n03193597
training_01310.jpg,161,n04555400
training_01311.jpg,86,n03326948
training_01312.jpg,164,n04560292
training_01313.jpg,27,n02355227
training_01314.jpg,128,n04052757
training_01315.jpg,36,n02870526
training_01316.jpg,135,n04143897
training_01317.jpg,111,n03773035
training_01318.jpg,93,n03378174
training_01319.jpg,175,n09475044
training_01320.jpg,106,n03636649
training_01321.jpg,104,n03626760
training_01322.jpg,199,n14976759
training_01323.jpg,30,n02739550
training_01324.jpg,167,n04603729
training_01325.jpg,114,n03841666
training_01326.jpg,196,n14698884
training_01327.jpg,45,n02946348
training_01328.jpg,76,n03237340
training_01329.jpg,64,n03089879
training_01330.jpg,112,n03790512
training_01331.jpg,114,n03841666
training_01332.jpg,70,n03201035
training_01333.jpg,45,n02946348
training_01334.jpg,59,n03063338
training_01335.jpg,194,n12102133
training_01336.jpg,191,n11669786
training_01337.jpg,18,n02113335
training_01338.jpg,22,n02123917
training_01339.jpg,126,n04009801
training_01340.jpg,100,n03531281
training_01341.jpg,182,n09858165
training_01342.jpg,64,n03089879
training_01343.jpg,192,n11675025
training_01344.jpg,118,n03871724
training_01345.jpg,91,n03361380
training_01346.jpg,70,n03201035
training_01347.jpg,180,n09793141
training_01348.jpg,132,n04114844
training_01349.jpg,192,n11675025
training_01350.jpg,42,n02912557
training_01351.jpg,157,n04402449
training_01352.jpg,149,n04284438
training_01353.jpg,186,n10282672
training_01354.jpg,64,n03089879
training_01355.jpg,8,n02090475
training_01356.jpg,139,n04185529
training_01357.jpg,110,n03719343
training_01358.jpg,96,n03438661
training_01359.jpg,54,n03050655
training_01360.jpg,102,n03610524
training_01361.jpg,48,n02977438
training_01362.jpg,41,n02900705
training_01363.jpg,73,n03209910
training_01364.jpg,194,n12102133
training_01365.jpg,128,n04052757
training_01366.jpg,4,n01674464
training_01367.jpg,74,n03222516
training_01368.jpg,180,n09793141
training_01369.jpg,43,n02924116
training_01370.jpg,134,n04136161
training_01371.jpg,106,n03636649
training_01372.jpg,183,n09918554
training_01373.jpg,164,n04560292
training_01374.jpg,100,n03531281
training_01375.jpg,183,n09918554
training_01376.jpg,123,n03915118
training_01377.jpg,148,n04284002
training_01378.jpg,52,n03005285
training_01379.jpg,115,n03842012
training_01380.jpg,93,n03378174
training_01381.jpg,109,n03717447
training_01382.jpg,13,n02108672
training_01383.jpg,77,n03241335
training_01384.jpg,129,n04061681
training_01385.jpg,44,n02933649
training_01386.jpg,48,n02977438
training_01387.jpg,59,n03063338
training_01388.jpg,4,n01674464
training_01389.jpg,195,n14696793
training_01390.jpg,96,n03438661
training_01391.jpg,134,n04136161
training_01392.jpg,134,n04136161
training_01393.jpg,92,n03378005
training_01394.jpg,26,n02330245
training_01395.jpg,62,n03079230
training_01396.jpg,115,n03842012
training_01397.jpg,169,n07805594
training_01398.jpg,12,n02108254
training_01399.jpg,189,n10674713
training_01400.jpg,196,n14698884
training_01401.jpg,53,n03050546
training_01402.jpg,198,n14858292
training_01403.jpg,123,n03915118
training_01404.jpg,13,n02108672
training_01405.jpg,170,n08505018
training_01406.jpg,45,n02946348
training_01407.jpg,77,n03241335
training_01408.jpg,5,n01900150
training_01409.jpg,90,n03359436
training_01410.jpg,176,n09475925
training_01411.jpg,120,n03904183
training_01412.jpg,157,n04402449
training_01413.jpg,110,n03719343
training_01414.jpg,102,n03610524
training_01415.jpg,107,n03643737
training_01416.jpg,158,n04467307
training_01417.jpg,188,n10514429
training_01418.jpg,99,n03513137
training_01419.jpg,41,n02900705
training_01420.jpg,77,n03241335
training_01421.jpg,190,n11508382
training_01422.jpg,6,n02088839
training_01423.jpg,60,n03063968
training_01424.jpg,192,n11675025
training_01425.jpg,105,n03629231
training_01426.jpg,26,n02330245
training_01427.jpg,90,n03359436
training_01428.jpg,187,n10421016
training_01429.jpg,139,n04185529
training_01430.jpg,197,n14844693
training_01431.jpg,49,n02978753
training_01432.jpg,46,n02958343
training_01433.jpg,135,n04143897
training_01434.jpg,22,n02123917
training_01435.jpg,175,n09475044
training_01436.jpg,182,n09858165
training_01437.jpg,72,n03207835
training_01438.jpg,183,n09918554
training_01439.jpg,160,n04490091
training_01440.jpg,52,n03005285
training_01441.jpg,120,n03904183
training_01442.jpg,66,n03147509
training_01443.jpg,113,n03797896
training_01444.jpg,148,n04284002
training_01445.jpg,133,n04118021
training_01446.jpg,80,n03294833
training_01447.jpg,55,n03057920
training_01448.jpg,117,n03862676
training_01449.jpg,190,n11508382
training_01450.jpg,14,n02109811
training_01451.jpg,78,n03273913
training_01452.jpg,161,n04555400
training_01453.jpg,93,n03378174
training_01454.jpg,51,n03002096
training_01455.jpg,19,n02122430
training_01456.jpg,36,n02870526
training_01457.jpg,8,n02090475
training_01458.jpg,129,n04061681
training_01459.jpg,8,n02090475
training_01460.jpg,165,n04589325
training_01461.jpg,154,n04355511
training_01462.jpg,175,n09475044
training_01463.jpg,197,n14844693
training_01464.jpg,162,n04559451
training_01465.jpg,23,n02124313
training_01466.jpg,29,n02738535
training_01467.jpg,14,n02109811
training_01468.jpg,200,n15019030
training_01469.jpg,4,n01674464
training_01470.jpg,113,n03797896
training_01471.jpg,188,n10514429
training_01472.jpg,86,n03326948
training_01473.jpg,53,n03050546
training_01474.jpg,41,n02900705
training_01475.jpg,52,n03005285
training_01476.jpg,54,n03050655
training_01477.jpg,45,n02946348
training_01478.jpg,32,n02807616
training_01479.jpg,17,n02112826
training_01480.jpg,118,n03871724
training_01481.jpg,96,n03438661
training_01482.jpg,32,n02807616
training_01483.jpg,46,n02958343
training_01484.jpg,54,n03050655
training_01485.jpg,41,n02900705
training_01486.jpg,126,n04009801
training_01487.jpg,193,n12024690
training_01488.jpg,56,n03058107
training_01489.jpg,191,n11669786
training_01490.jpg,182,n09858165
training_01491.jpg,48,n02977438
training_01492.jpg,176,n09475925
training_01493.jpg,103,n03620967
training_01494.jpg,142,n04215402
training_01495.jpg,124,n03918737
training_01496.jpg,128,n04052757
training_01497.jpg,180,n09793141
training_01498.jpg,158,n04467307
training_01499.jpg,122,n03908204
training_01500.jpg,66,n03147509
training_01501.jpg,120,n03904183
training_01502.jpg,3,n01503061
training_01503.jpg,61,n03066849
training_01504.jpg,125,n03963198
training_01505.jpg,189,n10674713
training_01506.jpg,105,n03629231
training_01507.jpg,56,n03058107
training_01508.jpg,5,n01900150
training_01509.jpg,64,n03089879
training_01510.jpg,57,n03059685
training_01511.jpg,56,n03058107
training_01512.jpg,10,n02104882
training_01513.jpg,113,n03797896
training_01514.jpg,28,n02686379
training_01515.jpg,179,n09785659
training_01516.jpg,20,n02122948
training_01517.jpg,83,n03307037
training_01518.jpg,200,n15019030
training_01519.jpg,200,n15019030
training_01520.jpg,93,n03378174
training_01521.jpg,188,n10514429
training_01522.jpg,135,n04143897
training_01523.jpg,78,n03273913
training_01524.jpg,139,n04185529
training_01525.jpg,160,n04490091
training_01526.jpg,164,n04560292
training_01527.jpg,165,n04589325
training_01528.jpg,81,n03300216
training_01529.jpg,147,n04275175
training_01530.jpg,19,n02122430
training_01531.jpg,126,n04009801
training_01532.jpg,40,n02886321
training_01533.jpg,42,n02912557
training_01534.jpg,178,n09632518
training_01535.jpg,56,n03058107
training_01536.jpg,75,n03231368
training_01537.jpg,40,n02886321
training_01538.jpg,80,n03294833
training_01539.jpg,41,n02900705
training_01540.jpg,183,n09918554
training_01541.jpg,55,n03057920
training_01542.jpg,38,n02879087
training_01543.jpg,88,n03343737
training_01544.jpg,43,n02924116
training_01545.jpg,71,n03201776
training_01546.jpg,32,n02807616
training_01547.jpg,132,n04114844
training_01548.jpg,130,n04086446
training_01549.jpg,118,n03871724
training_01550.jpg,16,n02112497
training_01551.jpg,61,n03066849
training_01552.jpg,132,n04114844
training_01553.jpg,132,n04114844
training_01554.jpg,164,n04560292
training_01555.jpg,47,n02963302
training_01556.jpg,85,n03316105
training_01557.jpg,113,n03797896
training_01558.jpg,191,n11669786
training_01559.jpg,85,n03316105
training_01560.jpg,180,n09793141
training_01561.jpg,136,n04148054
training_01562.jpg,51,n03002096
training_01563.jpg,168,n06596474
training_01564.jpg,18,n02113335
training_01565.jpg,33,n02814774
training_01566.jpg,126,n04009801
training_01567.jpg,27,n02355227
training_01568.jpg,155,n04370048
training_01569.jpg,18,n02113335
training_01570.jpg,182,n09858165
training_01571.jpg,66,n03147509
training_01572.jpg,128,n04052757
training_01573.jpg,69,n03193597
training_01574.jpg,103,n03620967
training_01575.jpg,30,n02739550
training_01576.jpg,93,n03378174
training_01577.jpg,159,n04477387
training_01578.jpg,68,n03179910
training_01579.jpg,120,n03904183
training_01580.jpg,44,n02933649
training_01581.jpg,167,n04603729
training_01582.jpg,58,n03063073
training_01583.jpg,163,n04560113
training_01584.jpg,137,n04166281
training_01585.jpg,60,n03063968
training_01586.jpg,79,n03281145
training_01587.jpg,161,n04555400
training_01588.jpg,147,n04275175
training_01589.jpg,113,n03797896
training_01590.jpg,81,n03300216
training_01591.jpg,10,n02104882
training_01592.jpg,50,n02992795
training_01593.jpg,56,n03058107
training_01594.jpg,26,n02330245
training_01595.jpg,19,n02122430
training_01596.jpg,89,n03345837
training_01597.jpg,43,n02924116
training_01598.jpg,64,n03089879
training_01599.jpg,112,n03790512
training_01600.jpg,39,n02880940
training_01601.jpg,117,n03862676
training_01602.jpg,166,n04595028
training_01603.jpg,181,n09805324
training_01604.jpg,28,n02686379
training_01605.jpg,147,n04275175
training_01606.jpg,126,n04009801
training_01607.jpg,150,n04289027
training_01608.jpg,3,n01503061
training_01609.jpg,109,n03717447
training_01610.jpg,163,n04560113
training_01611.jpg,115,n03842012
training_01612.jpg,157,n04402449
training_01613.jpg,161,n04555400
training_01614.jpg,171,n09247410
training_01615.jpg,83,n03307037
training_01616.jpg,74,n03222516
training_01617.jpg,193,n12024690
training_01618.jpg,163,n04560113
training_01619.jpg,134,n04136161
training_01620.jpg,146,n04256520
training_01621.jpg,191,n11669786
training_01622.jpg,119,n03886762
training_01623.jpg,115,n03842012
training_01624.jpg,121,n03906997
training_01625.jpg,24,n02124484
training_01626.jpg,178,n09632518
training_01627.jpg,75,n03231368
training_01628.jpg,117,n03862676
training_01629.jpg,14,n02109811
training_01630.jpg,128,n04052757
training_01631.jpg,172,n09251407
training_01632.jpg,60,n03063968
training_01633.jpg,86,n03326948
training_01634.jpg,142,n04215402
training_01635.jpg,101,n03544360
training_01636.jpg,88,n03343737
training_01637.jpg,139,n04185529
training_01638.jpg,1,n00007846
training_01639.jpg,74,n03222516
training_01640.jpg,144,n04230808
training_01641.jpg,7,n02089232
training_01642.jpg,39,n02880940
training_01643.jpg,174,n09438940
training_01644.jpg,80,n03294833
training_01645.jpg,10,n02104882
training_01646.jpg,103,n03620967
training_01647.jpg,5,n01900150
training_01648.jpg,111,n03773035
training_01649.jpg,89,n03345837
training_01650.jpg,182,n09858165
training_01651.jpg,186,n10282672
training_01652.jpg,135,n04143897
training_01653.jpg,98,n03497657
training_01654.jpg,132,n04114844
training_01655.jpg,130,n04086446
training_01656.jpg,43,n02924116
training_01657.jpg,169,n07805594
training_01658.jpg,123,n03915118
training_01659.jpg,34,n02818832
training_01660.jpg,29,n02738535
training_01661.jpg,115,n03842012
training_01662.jpg,147,n04275175
training_01663.jpg,115,n03842012
training_01664.jpg,23,n02124313
training_01665.jpg,144,n04230808
training_01666.jpg,60,n03063968
training_01667.jpg,26,n02330245
training_01668.jpg,74,n03222516
training_01669.jpg,170,n08505018
training_01670.jpg,27,n02355227
training_01671.jpg,15,n02111626
training_01672.jpg,159,n04477387
training_01673.jpg,56,n03058107
training_01674.jpg,5,n01900150
training_01675.jpg,65,n03119396
training_01676.jpg,127,n04018667
training_01677.jpg,62,n03079230
training_01678.jpg,64,n03089879
training_01679.jpg,84,n03307792
training_01680.jpg,156,n04380346
training_01681.jpg,136,n04148054
training_01682.jpg,162,n04559451
training_01683.jpg,100,n03531281
training_01684.jpg,136,n04148054
training_01685.jpg,15,n02111626
training_01686.jpg,5,n01900150
training_01687.jpg,84,n03307792
training_01688.jpg,124,n03918737
training_01689.jpg,23,n02124313
training_01690.jpg,72,n03207835
training_01691.jpg,197,n14844693
training_01692.jpg,121,n03906997
training_01693.jpg,3,n01503061
training_01694.jpg,100,n03531281
training_01695.jpg,87,n03337383
training_01696.jpg,2,n01322604
training_01697.jpg,120,n03904183
training_01698.jpg,138,n04168199
training_01699.jpg,130,n04086446
training_01700.jpg,164,n04560292
training_01701.jpg,76,n03237340
training_01702.jpg,161,n04555400
training_01703.jpg,82,n03302671
training_01704.jpg,103,n03620967
training_01705.jpg,154,n04355511
training_01706.jpg,67,n03150232
training_01707.jpg,28,n02686379
training_01708.jpg,42,n02912557
training_01709.jpg,147,n04275175
training_01710.jpg,12,n02108254
training_01711.jpg,1,n00007846
training_01712.jpg,49,n02978753
training_01713.jpg,101,n03544360
training_01714.jpg,14,n02109811
training_01715.jpg,154,n04355511
training_01716.jpg,158,n04467307
training_01717.jpg,26,n02330245
training_01718.jpg,109,n03717447
training_01719.jpg,100,n03531281
training_01720.jpg,40,n02886321
training_01721.jpg,161,n04555400
training_01722.jpg,1,n00007846
training_01723.jpg,10,n02104882
training_01724.jpg,25,n02159955
training_01725.jpg,133,n04118021
training_01726.jpg,198,n14858292
training_01727.jpg,82,n03302671
training_01728.jpg,160,n04490091
training_01729.jpg,94,n03404149
training_01730.jpg,116,n03842156
training_01731.jpg,151,n04326896
training_01732.jpg,14,n02109811
training_01733.jpg,120,n03904183
training_01734.jpg,106,n03636649
training_01735.jpg,118,n03871724
training_01736.jpg,115,n03842012
training_01737.jpg,39,n02880940
training_01738.jpg,191,n11669786
training_01739.jpg,172,n09251407
training_01740.jpg,107,n03643737
training_01741.jpg,64,n03089879
training_01742.jpg,41,n02900705
training_01743.jpg,98,n03497657
training_01744.jpg,41,n02900705
training_01745.jpg,106,n03636649
training_01746.jpg,141,n04210120
training_01747.jpg,145,n04254009
training_01748.jpg,110,n03719343
training_01749.jpg,76,n03237340
training_01750.jpg,142,n04215402
training_01751.jpg,13,n02108672
training_01752.jpg,169,n07805594
training_01753.jpg,6,n02088839
training_01754.jpg,133,n04118021
training_01755.jpg,117,n03862676
training_01756.jpg,138,n04168199
training_01757.jpg,54,n03050655
training_01758.jpg,107,n03643737
training_01759.jpg,66,n03147509
training_01760.jpg,164,n04560292
training_01761.jpg,200,n15019030
training_01762.jpg,25,n02159955
training_01763.jpg,172,n09251407
training_01764.jpg,21,n02123242
training_01765.jpg,2,n01322604
training_01766.jpg,29,n02738535
training_01767.jpg,120,n03904183
training_01768.jpg,60,n03063968
training_01769.jpg,68,n03179910
training_01770.jpg,142,n04215402
training_01771.jpg,95,n03408444
training_01772.jpg,143,n04225987
training_01773.jpg,140,n04208936
training_01774.jpg,191,n11669786
training_01775.jpg,180,n09793141
training_01776.jpg,84,n03307792
training_01777.jpg,147,n04275175
training_01778.jpg,120,n03904183
training_01779.jpg,66,n03147509
training_01780.jpg,70,n03201035
training_01781.jpg,138,n04168199
training_01782.jpg,182,n09858165
training_01783.jpg,162,n04559451
training_01784.jpg,1,n00007846
training_01785.jpg,122,n03908204
training_01786.jpg,87,n03337383
training_01787.jpg,109,n03717447
training_01788.jpg,130,n04086446
training_01789.jpg,46,n02958343
training_01790.jpg,147,n04275175
training_01791.jpg,116,n03842156
training_01792.jpg,157,n04402449
training_01793.jpg,125,n03963198
training_01794.jpg,146,n04256520
training_01795.jpg,84,n03307792
training_01796.jpg,136,n04148054
training_01797.jpg,169,n07805594
training_01798.jpg,54,n03050655
training_01799.jpg,31,n02780704
training_01800.jpg,130,n04086446
training_01801.jpg,2,n01322604
training_01802.jpg,31,n02780704
training_01803.jpg,65,n03119396
training_01804.jpg,74,n03222516
training_01805.jpg,94,n03404149
training_01806.jpg,167,n04603729
training_01807.jpg,42,n02912557
training_01808.jpg,4,n01674464
training_01809.jpg,188,n10514429
training_01810.jpg,74,n03222516
training_01811.jpg,99,n03513137
training_01812.jpg,36,n02870526
training_01813.jpg,144,n04230808
training_01814.jpg,87,n03337383
training_01815.jpg,166,n04595028
training_01816.jpg,180,n09793141
training_01817.jpg,165,n04589325
training_01818.jpg,128,n04052757
training_01819.jpg,81,n03300216
training_01820.jpg,14,n02109811
training_01821.jpg,66,n03147509
training_01822.jpg,183,n09918554
training_01823.jpg,118,n03871724
training_01824.jpg,26,n02330245
training_01825.jpg,139,n04185529
training_01826.jpg,151,n04326896
training_01827.jpg,176,n09475925
training_01828.jpg,14,n02109811
training_01829.jpg,161,n04555400
training_01830.jpg,185,n10034614
training_01831.jpg,148,n04284002
training_01832.jpg,20,n02122948
training_01833.jpg,67,n03150232
training_01834.jpg,111,n03773035
training_01835.jpg,139,n04185529
training_01836.jpg,95,n03408444
training_01837.jpg,27,n02355227
training_01838.jpg,68,n03179910
training_01839.jpg,196,n14698884
training_01840.jpg,8,n02090475
training_01841.jpg,73,n03209910
training_01842.jpg,55,n03057920
training_01843.jpg,116,n03842156
training_01844.jpg,134,n04136161
training_01845.jpg,13,n02108672
training_01846.jpg,82,n03302671
training_01847.jpg,50,n02992795
training_01848.jpg,41,n02900705
training_01849.jpg,118,n03871724
training_01850.jpg,45,n02946348
training_01851.jpg,94,n03404149
training_01852.jpg,176,n09475925
training_01853.jpg,160,n04490091
training_01854.jpg,37,n02871439
training_01855.jpg,127,n04018667
training_01856.jpg,130,n04086446
training_01857.jpg,14,n02109811
training_01858.jpg,49,n02978753
training_01859.jpg,84,n03307792
training_01860.jpg,51,n03002096
training_01861.jpg,178,n09632518
training_01862.jpg,63,n03085219
training_01863.jpg,194,n12102133
training_01864.jpg,155,n04370048
training_01865.jpg,127,n04018667
training_01866.jpg,120,n03904183
training_01867.jpg,124,n03918737
training_01868.jpg,180,n09793141
training_01869.jpg,4,n01674464
training_01870.jpg,173,n09436708
training_01871.jpg,163,n04560113
training_01872.jpg,84,n03307792
training_01873.jpg,144,n04230808
training_01874.jpg,200,n15019030
training_01875.jpg,91,n03361380
training_01876.jpg,3,n01503061
training_01877.jpg,96,n03438661
training_01878.jpg,64,n03089879
training_01879.jpg,57,n03059685
training_01880.jpg,50,n02992795
training_01881.jpg,171,n09247410
training_01882.jpg,34,n02818832
training_01883.jpg,198,n14858292
training_01884.jpg,109,n03717447
training_01885.jpg,137,n04166281
training_01886.jpg,199,n14976759
training_01887.jpg,40,n02886321
training_01888.jpg,16,n02112497
training_01889.jpg,16,n02112497
training_01890.jpg,53,n03050546
training_01891.jpg,177,n09618957
training_01892.jpg,10,n02104882
training_01893.jpg,121,n03906997
training_01894.jpg,10,n02104882
training_01895.jpg,102,n03610524
training_01896.jpg,93,n03378174
training_01897.jpg,137,n04166281
training_01898.jpg,154,n04355511
training_01899.jpg,27,n02355227
training_01900.jpg,22,n02123917
training_01901.jpg,56,n03058107
training_01902.jpg,42,n02912557
training_01903.jpg,136,n04148054
training_01904.jpg,55,n03057920
training_01905.jpg,4,n01674464
training_01906.jpg,53,n03050546
training_01907.jpg,81,n03300216
training_01908.jpg,112,n03790512
training_01909.jpg,93,n03378174
training_01910.jpg,82,n03302671
training_01911.jpg,49,n02978753
training_01912.jpg,74,n03222516
training_01913.jpg,34,n02818832
training_01914.jpg,47,n02963302
training_01915.jpg,99,n03513137
training_01916.jpg,197,n14844693
training_01917.jpg,60,n03063968
training_01918.jpg,104,n03626760
training_01919.jpg,164,n04560292
training_01920.jpg,37,n02871439
training_01921.jpg,16,n02112497
training_01922.jpg,107,n03643737
training_01923.jpg,179,n09785659
training_01924.jpg,34,n02818832
training_01925.jpg,68,n03179910
training_01926.jpg,193,n12024690
training_01927.jpg,15,n02111626
training_01928.jpg,16,n02112497
training_01929.jpg,163,n04560113
training_01930.jpg,75,n03231368
training_01931.jpg,115,n03842012
training_01932.jpg,11,n02106966
training_01933.jpg,94,n03404149
training_01934.jpg,124,n03918737
training_01935.jpg,103,n03620967
training_01936.jpg,132,n04114844
training_01937.jpg,85,n03316105
training_01938.jpg,124,n03918737
training_01939.jpg,31,n02780704
training_01940.jpg,50,n02992795
training_01941.jpg,52,n03005285
training_01942.jpg,14,n02109811
training_01943.jpg,159,n04477387
training_01944.jpg,110,n03719343
training_01945.jpg,73,n03209910
training_01946.jpg,16,n02112497
training_01947.jpg,23,n02124313
training_01948.jpg,152,n04330340
training_01949.jpg,34,n02818832
training_01950.jpg,159,n04477387
training_01951.jpg,121,n03906997
training_01952.jpg,113,n03797896
training_01953.jpg,131,n04096066
training_01954.jpg,194,n12102133
training_01955.jpg,2,n01322604
training_01956.jpg,5,n01900150
training_01957.jpg,162,n04559451
training_01958.jpg,147,n04275175
training_01959.jpg,16,n02112497
training_01960.jpg,139,n04185529
training_01961.jpg,30,n02739550
training_01962.jpg,176,n09475925
training_01963.jpg,145,n04254009
training_01964.jpg,173,n09436708
training_01965.jpg,80,n03294833
training_01966.jpg,162,n04559451
training_01967.jpg,29,n02738535
training_01968.jpg,79,n03281145
training_01969.jpg,88,n03343737
training_01970.jpg,158,n04467307
training_01971.jpg,4,n01674464
training_01972.jpg,73,n03209910
training_01973.jpg,155,n04370048
training_01974.jpg,29,n02738535
training_01975.jpg,20,n02122948
training_01976.jpg,90,n03359436
training_01977.jpg,47,n02963302
training_01978.jpg,95,n03408444
training_01979.jpg,107,n03643737
training_01980.jpg,65,n03119396
training_01981.jpg,192,n11675025
training_01982.jpg,46,n02958343
training_01983.jpg,28,n02686379
training_01984.jpg,101,n03544360
training_01985.jpg,74,n03222516
training_01986.jpg,163,n04560113
training_01987.jpg,48,n02977438
training_01988.jpg,78,n03273913
training_01989.jpg,100,n03531281
training_01990.jpg,66,n03147509
training_01991.jpg,118,n03871724
training_01992.jpg,61,n03066849
training_01993.jpg,124,n03918737
training_01994.jpg,60,n03063968
training_01995.jpg,39,n02880940
training_01996.jpg,169,n07805594
training_01997.jpg,122,n03908204
training_01998.jpg,52,n03005285
training_01999.jpg,47,n02963302
training_02000.jpg,90,n03359436